<?xml version="1.0" encoding="UTF-8"?>
<root>
  <item name="com.google.android.exoplayer2.upstream.DataSpec DataSpec(android.net.Uri, byte[], long, long, long, java.lang.String, int) 6">
    <annotation name="android.support.annotation.IntDef">
      <val name="flag" val="true" />
      <val name="value" val="{com.google.android.exoplayer2.upstream.DataSpec.FLAG_ALLOW_GZIP}" />
    </annotation>
  </item>
  <item name="com.google.android.exoplayer2.upstream.DataSpec DataSpec(android.net.Uri, int) 1">
    <annotation name="android.support.annotation.IntDef">
      <val name="flag" val="true" />
      <val name="value" val="{com.google.android.exoplayer2.upstream.DataSpec.FLAG_ALLOW_GZIP}" />
    </annotation>
  </item>
  <item name="com.google.android.exoplayer2.upstream.DataSpec DataSpec(android.net.Uri, long, long, java.lang.String, int) 4">
    <annotation name="android.support.annotation.IntDef">
      <val name="flag" val="true" />
      <val name="value" val="{com.google.android.exoplayer2.upstream.DataSpec.FLAG_ALLOW_GZIP}" />
    </annotation>
  </item>
  <item name="com.google.android.exoplayer2.upstream.DataSpec DataSpec(android.net.Uri, long, long, long, java.lang.String, int) 5">
    <annotation name="android.support.annotation.IntDef">
      <val name="flag" val="true" />
      <val name="value" val="{com.google.android.exoplayer2.upstream.DataSpec.FLAG_ALLOW_GZIP}" />
    </annotation>
  </item>
  <item name="com.google.android.exoplayer2.upstream.DataSpec flags">
    <annotation name="android.support.annotation.IntDef">
      <val name="flag" val="true" />
      <val name="value" val="{com.google.android.exoplayer2.upstream.DataSpec.FLAG_ALLOW_GZIP}" />
    </annotation>
  </item>
  <item name="com.google.android.exoplayer2.upstream.DataSpec.Flags">
    <annotation name="android.support.annotation.IntDef">
      <val name="flag" val="true" />
      <val name="value" val="{com.google.android.exoplayer2.upstream.DataSpec.FLAG_ALLOW_GZIP}" />
    </annotation>
  </item>
  <item name="com.google.android.exoplayer2.upstream.HttpDataSource.HttpDataSourceException HttpDataSourceException(com.google.android.exoplayer2.upstream.DataSpec, int) 1">
    <annotation name="android.support.annotation.IntDef">
      <val name="value" val="{com.google.android.exoplayer2.upstream.HttpDataSource.HttpDataSourceException.TYPE_OPEN, com.google.android.exoplayer2.upstream.HttpDataSource.HttpDataSourceException.TYPE_READ, com.google.android.exoplayer2.upstream.HttpDataSource.HttpDataSourceException.TYPE_CLOSE}" />
    </annotation>
  </item>
  <item name="com.google.android.exoplayer2.upstream.HttpDataSource.HttpDataSourceException HttpDataSourceException(java.io.IOException, com.google.android.exoplayer2.upstream.DataSpec, int) 2">
    <annotation name="android.support.annotation.IntDef">
      <val name="value" val="{com.google.android.exoplayer2.upstream.HttpDataSource.HttpDataSourceException.TYPE_OPEN, com.google.android.exoplayer2.upstream.HttpDataSource.HttpDataSourceException.TYPE_READ, com.google.android.exoplayer2.upstream.HttpDataSource.HttpDataSourceException.TYPE_CLOSE}" />
    </annotation>
  </item>
  <item name="com.google.android.exoplayer2.upstream.HttpDataSource.HttpDataSourceException HttpDataSourceException(java.lang.String, com.google.android.exoplayer2.upstream.DataSpec, int) 2">
    <annotation name="android.support.annotation.IntDef">
      <val name="value" val="{com.google.android.exoplayer2.upstream.HttpDataSource.HttpDataSourceException.TYPE_OPEN, com.google.android.exoplayer2.upstream.HttpDataSource.HttpDataSourceException.TYPE_READ, com.google.android.exoplayer2.upstream.HttpDataSource.HttpDataSourceException.TYPE_CLOSE}" />
    </annotation>
  </item>
  <item name="com.google.android.exoplayer2.upstream.HttpDataSource.HttpDataSourceException HttpDataSourceException(java.lang.String, java.io.IOException, com.google.android.exoplayer2.upstream.DataSpec, int) 3">
    <annotation name="android.support.annotation.IntDef">
      <val name="value" val="{com.google.android.exoplayer2.upstream.HttpDataSource.HttpDataSourceException.TYPE_OPEN, com.google.android.exoplayer2.upstream.HttpDataSource.HttpDataSourceException.TYPE_READ, com.google.android.exoplayer2.upstream.HttpDataSource.HttpDataSourceException.TYPE_CLOSE}" />
    </annotation>
  </item>
  <item name="com.google.android.exoplayer2.upstream.HttpDataSource.HttpDataSourceException type">
    <annotation name="android.support.annotation.IntDef">
      <val name="value" val="{com.google.android.exoplayer2.upstream.HttpDataSource.HttpDataSourceException.TYPE_OPEN, com.google.android.exoplayer2.upstream.HttpDataSource.HttpDataSourceException.TYPE_READ, com.google.android.exoplayer2.upstream.HttpDataSource.HttpDataSourceException.TYPE_CLOSE}" />
    </annotation>
  </item>
  <item name="com.google.android.exoplayer2.upstream.HttpDataSource.HttpDataSourceException.Type">
    <annotation name="android.support.annotation.IntDef">
      <val name="value" val="{com.google.android.exoplayer2.upstream.HttpDataSource.HttpDataSourceException.TYPE_OPEN, com.google.android.exoplayer2.upstream.HttpDataSource.HttpDataSourceException.TYPE_READ, com.google.android.exoplayer2.upstream.HttpDataSource.HttpDataSourceException.TYPE_CLOSE}" />
    </annotation>
  </item>
</root>

